Mouse ID,Timepoint,Tumor Volume (mm3),Metastatic Sites
g989,35,62.57087961,2
g989,30,59.08229394,1
g989,25,56.04556353,1
g989,20,54.65765008,1
g989,20,55.32612202,1
g989,15,53.44201976,0
g989,15,51.32585207,1
g989,10,49.8805278,0
g989,10,51.74515613,0
g989,5,47.57039208,0
g989,5,48.78680146,0
g989,0,45,0
g989,0,45,0
